-- SQL Dump for tables: users, employees, course_sections, schedules
-- Generated at: 2026-02-09T04:18:11.193Z

SET FOREIGN_KEY_CHECKS = 0;

-- Table: users
TRUNCATE TABLE `users`;
INSERT INTO `users` (`id`, `email`, `password`, `firstName`, `lastName`, `middleInitial`, `username`, `position`, `role`, `isActive`, `lastLogin`, `avatarUrl`, `createdAt`, `updatedAt`, `twoFactorEnabled`, `twoFactorEmail`) VALUES
('005253a5-a8a9-4bf5-9277-bc1c6bcb0c29', 'ivy@test.com', '$2b$12$X3qJHyvzcnA9VjTVI39ayO6Uv0lNx/IU.iVDP.T82pl4O1O46i/GC', 'Ivy', 'Test', NULL, 'ivy', 'Student', 'STUDENT', 0, NULL, NULL, '2026-01-13 01:10:20', '2026-01-13 01:10:20', 0, NULL),
('046dcaa9-767c-4e8a-8eea-295af0888b00', 'dweezilnote@gmail.com', '$2b$12$ByKCprSQtcZ5S/K3byYqbOs3s4ZWVqqc5CfXSfCjDbWAdSddhH.Li', 'Otest', 'Test', NULL, 'dweezilnote', 'Student', 'STUDENT', 0, NULL, NULL, '2026-01-22 03:07:20', '2026-01-22 03:07:20', 0, NULL),
('0b516804-dbec-4e11-9c0e-4884e64f675c', 'carlos.reyes@student.benedictcollege.edu.ph', '$2b$12$UpuIK.opcLdkH6UDzdTCGuSVvLNJEq6XZqYpCC4wJn5Zey32Ixa5.', 'CARLOS', 'REYES', NULL, 'carlos.reyes', 'Student', 'STUDENT', 1, NULL, NULL, '2025-10-07 03:16:43', '2025-10-07 03:16:43', 0, NULL),
('0e4015bb-68e2-4f0f-9096-5d92aedfc67c', 'asd@test.com', '$2b$12$HZbbl4SPmz1AatO5MyvoUuCHW5HPx7z4SbhRy93D7irqqKbdaerIS', 'asdsa', 'test', NULL, 'asd', 'Student', 'STUDENT', 0, NULL, NULL, '2025-11-27 06:45:09', '2025-11-27 06:45:09', 0, NULL),
('0eb2210b-1a81-4cba-98e3-2d33082ae8f9', 'lest@test.com', '$2b$12$AukD.RZZYjwk9dAbcMYmZug6TLtMk8/XicOZhcA1ZEY7IQyCKCt42', 'Lest', 'Test', NULL, 'lest', 'Student', 'STUDENT', 0, NULL, NULL, '2026-01-13 06:58:10', '2026-01-13 06:58:10', 0, NULL),
('129b59fb-bc5d-4ac2-a953-599dd18913b0', 'prof.flores@benedictcollege.edu.ph', '$2b$12$wgHSuelnNaqSowe3Y1GQxOsqHJeHU3/cf.jmX/5G56GnfBF/nhWce', 'ROSA', 'FLORES', NULL, 'prof.flores', 'Assistant Professor II', 'TEACHER', 1, NULL, NULL, '2025-10-03 16:29:14', '2025-10-03 16:29:14', 0, NULL),
('17c24b41-139e-464e-803b-938bc89520c2', 'brad@test.com', '$2b$12$nXjS3LJIY9E1OAvOPA2AWOvWLVmbep7oeq/yRAnbj.lqir/YsTjRy', 'Brad', 'Test', NULL, 'brad', 'Student', 'STUDENT', 0, NULL, NULL, '2025-10-11 04:59:09', '2025-10-11 04:59:09', 0, NULL),
('20446fac-1ca6-410a-af5b-375731eb4a17', 'mlapa@benedictcollege.com', '$2b$10$pCskFrRJjMWvMiUj074RYeiX9bHnxJ2x1jEzLuQWqU/JzRn4gb54y', 'MAY GRACE', 'LAPA', NULL, 'mlapa', 'Librarian I', 'LIBRARIAN', 1, '2025-10-13 17:51:05', NULL, '2025-10-03 16:16:37', '2025-10-14 01:51:05', 0, NULL),
('24c424c3-c3c4-4de7-a3a0-50b108b4d65d', 'slambunao@benedictcollege.com', '$2b$12$ui3WJ.NufOiWerNHtXrpIelI4F4rcP.fZk23sXtqsMF21zRE8S7.G', 'SHERIEHANE', 'LAMBUNAO', NULL, 'slambunao', 'HR Assistant', 'STAFF', 1, NULL, NULL, '2025-10-03 16:16:37', '2025-10-03 16:16:37', 0, NULL),
('26421397-bcda-4b29-979c-2ae9545ec03f', 'ra@test.com', '$2b$12$WN8eQB.1uXX.P19IPTsYOeB9MGCBBfVk0Zb2DIyY8f6S.RHfnu3Wy', 'Test', 'Ra', NULL, 'ra', 'Student', 'STUDENT', 0, NULL, NULL, '2025-11-27 04:33:48', '2025-11-27 04:33:48', 0, NULL),
('3aeb5198-582d-45ba-8c34-f7c7385b6b1d', 'prof.garcia@benedictcollege.edu.ph', '$2b$12$VrohcYbo9edfpJXKPbwtDOOA9ORZV2M6W0QsxjBkifxQ/YxjtOIQC', 'MARIA', 'GARCIA', NULL, 'prof.garcia', 'Associate Professor I', 'TEACHER', 1, NULL, NULL, '2025-10-03 16:29:13', '2025-10-03 16:29:13', 0, NULL),
('41fb687d-01f1-4cbd-ab8c-99f6f643b188', 'mary.santos+local@benedictcollege.com', '$2b$12$UO0p0Hzu27LUDqP.SFYKju5OJuLKXZ2lgYsYXHAG73vXh7.umQsEm', 'Mary', 'Santos', NULL, 'mary.santos+local', 'Student', 'STUDENT', 0, NULL, NULL, '2025-11-27 04:13:50', '2025-11-27 04:13:50', 0, NULL),
('4598410c-a49f-4fc1-8920-58820e95dc5c', 'pgumolon@benedictcollege.com', '$2b$12$590QFhpEAsSPAx5Tf0mvz.vmoL5dABCz4S9RxP4EnII9Qv7lgckWK', 'PREACIOUS', 'GUMOLON', NULL, 'pgumolon', 'Professor', 'TEACHER', 1, NULL, NULL, '2025-10-03 16:16:37', '2025-10-03 16:16:37', 0, NULL),
('4e981ff6-49d9-4df8-9e94-2167992c9e1f', 'super@benedictcollege.com', '$2b$12$hnXClIQo8gDPVJnqY/oQtOjBWVadggJXh2Td4rwXHpn66WdSfI.NK', 'WILSON', 'GAYO', NULL, 'superadmin', 'Super Administrator', 'SUPERADMIN', 1, '2025-10-10 07:10:14', NULL, '2025-10-03 16:16:36', '2025-10-10 15:10:14', 0, NULL),
('533f9f8f-c0b2-4011-b9c3-2b32ba33b42f', 'rdiabordo@benedictcollege.com', '$2b$10$OpMgUEB9KwphfgcCJZ.6NO2G39IQmI4wmPtBLTdb33mkeok5bJy0K', 'RAFAEL', 'DIABORDO', NULL, 'rdiabordo', 'Instructor I', 'TEACHER', 1, NULL, NULL, '2026-02-08 09:36:05', '2026-02-08 09:36:05', 0, NULL),
('5600607b-ee6a-4ca2-8ecd-261fe743b3d6', 'wilschoy782@gmail.com', '$2b$12$JH.UAVcltDLUV0pZx1yVVuMMbZdA1xuCYcoqldxjQCjqeJ3kWnLsu', 'WILSON 2', 'GAYO', NULL, 'wilschoy782', 'Student', 'STUDENT', 0, NULL, NULL, '2025-11-27 05:56:54', '2025-11-27 05:56:54', 0, NULL),
('5776608e-70db-4e6a-b522-162f502f822f', 'trans@email.com', '$2b$12$dvvkkmtq/UpQgOmebhmW1eK3Tei9zF/9tzWr5jXEMJrvbRXdhdWoS', 'Transferee', 'Test', NULL, 'trans', 'Student', 'STUDENT', 0, NULL, NULL, '2025-12-13 03:39:18', '2025-12-13 03:39:18', 0, NULL),
('62d5992a-7e61-48d3-ad36-3e73623d2c44', 'nest@test.com', '$2b$12$a3Ad1eS1JSEbJ3b1MN6zce0LrtdX3yNxkowUgQEnRPFdDGzX9CY1G', 'Nest', 'Test', NULL, 'nest', 'Student', 'STUDENT', 0, NULL, NULL, '2026-01-19 01:14:09', '2026-01-19 01:14:09', 0, NULL),
('6b039b73-cff2-41d8-a4b5-26148ae3f5b1', 'kest@test.com', '$2b$12$JlKmpU7r.MI.sN3YG3ujTuNbC8Gl1NeFZAVIbeAf1RnbNRrx1TI5i', 'Kest', 'Test', NULL, 'kest', 'Student', 'STUDENT', 0, NULL, NULL, '2026-01-13 06:52:45', '2026-01-13 06:52:45', 0, NULL),
('6b38ae71-7b0f-4a1b-9d38-36e1e23a417a', 'jbutlig@coldegiodealicia.com', '$2b$10$OX/dzd2gn7/Oth6I2X108OqnO9FcEVXkAd7CkxD.wsQeAlhX1lDgG', 'JUNEL', 'BUTLIG', NULL, 'jbutlig', 'Instructor I', 'TEACHER', 1, NULL, NULL, '2026-02-08 09:23:31', '2026-02-08 09:23:31', 0, NULL),
('6d7a86cb-c01e-4a68-99ec-3038ab2c838c', 'prof.reyes@benedictcollege.edu.ph', '$2b$12$tO8VRevhTu7yRW7KeKcBo.t3lzDLCYXT6H/U8Ic2VPYHqOJnlATSi', 'ANA', 'REYES', NULL, 'prof.reyes', 'Associate Professor II', 'TEACHER', 1, NULL, NULL, '2025-10-03 16:29:13', '2025-10-03 16:29:13', 0, NULL),
('6fdc1034-4b29-4f0b-92f2-11b81c8f5ffe', 'david@test.com', '$2b$12$rehpcrdjfA5iFmndCStwbu64TJs2ZZ4t/W5MSWagPaz/fR2JnQPrW', 'David', 'Test', NULL, 'david', 'Student', 'STUDENT', 0, NULL, NULL, '2025-10-11 14:52:55', '2025-10-11 14:52:55', 0, NULL),
('7459ea68-700a-465d-a16e-5145a8ec1aaf', 'malvarez@benedictcollege.com', '$2b$12$X6oebfqIa6nTd0MbncaAh.tdSpBgKcTIJ3uRPKXnuUT9mipqty2qW', 'MA OLGA', 'ALVAREZ', NULL, 'malvarez', 'College President', 'ADMIN', 1, NULL, NULL, '2025-10-03 16:16:37', '2026-02-08 13:46:07', 0, NULL),
('771b47ca-741d-497e-a0fb-760bdfb4fe32', 'can@test.com', '$2b$12$3RyaafEi76Z3UVPoW/9pK.3mv8oH0X1FMKATV6uVy0T22pWA9uJAq', 'Cane', 'Test', NULL, 'can', 'Student', 'STUDENT', 0, NULL, NULL, '2025-10-11 05:08:19', '2025-10-11 05:08:19', 0, NULL),
('811eabe7-e03f-4064-b02a-f88765c9671f', 'mtemario@benedictcollege.com', '$2b$10$rPKegE52fkUGWutyZCtBdezcZqrVwFA3j/IRTmW1xqEnIAM4GrHLa', 'MAUREEN ALEXANDRA E.', 'TEMARIO', NULL, 'mtemario', 'Instructor I', 'TEACHER', 1, NULL, NULL, '2026-02-08 10:08:16', '2026-02-08 10:08:16', 0, NULL),
('840234cc-072a-4d40-95f6-a5753f8a92e4', 'julies@test.com', '$2b$12$1nM75Xn6Y57HTX1fCm.R/.ET6PhmtzoiUqqmRutcvCNt36zU8i.Vu', 'Julies', 'Test', NULL, 'julies', 'Student', 'STUDENT', 0, NULL, NULL, '2026-01-13 05:37:50', '2026-01-13 05:37:50', 0, NULL),
('843e4bb6-0070-4e6a-88ad-9c992b63ec03', 'alabasbas@benedictcollege.com', '$2b$12$W3z4ATqtKl2OqQh7I11HHeP.72d57/Jj89m4Isomh7Wj.qpf3/aha', 'AILEEN', 'LABASBAS', NULL, 'alabasbas', 'Admin Aide I', 'STAFF', 1, NULL, NULL, '2025-10-03 16:16:38', '2025-10-03 16:16:38', 0, NULL),
('8fb76ec6-9469-44ce-b2b7-49473876d2f6', 'juan.cruz@student.benedictcollege.edu.ph', '$2b$12$RGyj2YdnkTca8wuEEVrB1OOWAG14yIBV0mqsWZ.gDsDfvaBaUKGJG', 'JUAN', 'CRUZ', NULL, 'juan.cruz', 'Student', 'STUDENT', 1, '2025-10-06 19:18:03', NULL, '2025-10-07 03:16:42', '2025-10-07 03:18:02', 0, NULL),
('93e58370-1efd-4d6b-8682-6846034bcd66', 'mest@test.com', '$2b$12$rMgeUwH8scxbL71/KiF7UOZxvSLOyl/5u1xOp33Fm/yMuZErrvEhS', 'Mest', 'Testq', NULL, 'mest', 'Student', 'STUDENT', 0, NULL, NULL, '2026-01-13 07:08:40', '2026-01-13 07:08:40', 0, NULL),
('9783dadb-df06-43e2-936a-56b7da857215', 'admin-local@example.com', '$2b$12$K616MAdbJbE7ExqmM6klqeun3D2FtYQF.1z7HtDR73DkoYvRLGI.u', 'Local', 'Admin', NULL, 'admin-local', 'Administrator', 'ADMIN', 1, '2025-12-07 00:08:39', NULL, '2025-12-07 07:10:05', '2025-12-07 08:08:39', 0, NULL),
('a80d8637-0a19-4870-9853-a17ab30fc3d1', 'adam@test.com', '$2b$10$CJlcK2Suu.pqh0TyKyb11.nsubWGLwP8YRJ2VVoow8zagI1ycOibO', 'Adam', 'Test', NULL, 'adam', 'Student', 'STUDENT', 1, '2025-10-06 18:00:02', NULL, '2025-10-07 01:58:59', '2025-10-07 02:00:01', 0, NULL),
('ab255a74-9307-4119-b686-c07407abb849', 'log@email.com', '$2b$12$CSSUpYKpi83LkpE4MB48QOzuzB3okmK1uVdJW3bOHFScSKw24i8sy', 'Log', 'Test', 'A', 'log', '', 'STAFF', 1, '2025-12-07 00:03:41', 'https://aabyc4wbxsjuvs0t.public.blob.vercel-storage.com/avatars/user-ab255a74-9307-4119-b686-c07407abb849-1765094556594-FIxKAgA3HwH6I8NX5cmh8XI6JOujWH.jpeg', '2025-12-07 07:18:25', '2025-12-07 08:03:40', 0, NULL),
('ab4c8669-1447-4291-9d19-f3fa4dc1fe12', 'prof.mendoza@benedictcollege.edu.ph', '$2b$12$gUuxMj3UzWvkb50r/8IUauZRWaBDVR2dSt2nTz2VjyHbC347H80rG', 'CARLOS', 'MENDOZA', NULL, 'prof.mendoza', 'Instructor I', 'TEACHER', 1, NULL, NULL, '2025-10-03 16:29:14', '2025-10-03 16:29:14', 0, NULL),
('b23b5592-556f-47e1-b4da-97a9c774316e', 'wilschoy78@gmail.com', '$2b$12$sDzSfCTJv538U2MhshWmGe8bac.zWhdlQxPKe4SP0sWGLBPy6Lf52', 'WILSON', 'GAYO', NULL, 'wilschoy78', 'Student', 'STUDENT', 0, NULL, NULL, '2025-11-27 05:52:10', '2025-11-27 05:52:10', 0, NULL),
('b616f728-7172-4ec3-8df2-4f8cfd4ecf3b', 'sbetos@benedictcollege.com', '$2b$12$LT1plnwLSlM9byCmAGbw4OBl0fcPznJkseo6VzcOaXJ0peZgK/oFe', 'SARAH', 'BETOS', NULL, 'sbetos', 'Professor', 'TEACHER', 1, NULL, NULL, '2025-10-03 16:16:37', '2025-10-03 16:16:37', 0, NULL),
('bcc70e4d-a476-45c4-8433-4d218368a537', 'sgalorio@benedictcollege.com', '$2b$10$vBhqM6kOPaS1TCIomqD3c.V6xEwZZQoDMQ6ZufTXI7Is9wXJ.fYPS', 'Shiela', 'Galorio', 'A.', 'sgalorio', 'Program Head, BTVTED', 'TEACHER', 1, '2026-01-31 01:22:12', NULL, '2026-01-31 09:17:31', '2026-02-02 03:55:13', 0, NULL),
('bf6205d4-031d-4f1c-9e79-52bc790c1ebb', 'test.student+local@benedictcollege.com', '$2b$12$i2kpe/ztscfwDfr36VRrk.St.F4KKtlKpQ6.taNoqX2bInEQJxFE6', 'Test', 'Student', NULL, 'test.student+local', 'Student', 'STUDENT', 0, NULL, NULL, '2025-11-27 04:06:16', '2025-11-27 04:06:16', 0, NULL),
('c537af78-9427-4383-857e-fd95c1449992', 'diego.flores@student.benedictcollege.edu.ph', '$2b$12$XXwWTpTeux0YC.vSf5ePceTD0xj7xJz8tNhVnCCE6YfE1g6Av8Aou', 'DIEGO', 'FLORES', NULL, 'diego.flores', 'Student', 'STUDENT', 1, NULL, NULL, '2025-10-07 03:16:43', '2025-10-07 03:26:13', 0, NULL),
('cb8c1ab3-5f2f-4181-bd82-33ecb58862ce', 'juan@test.com', '$2b$12$OnCKJWABA9RJcvXfzLyaCuJmbSJYFbZbciYMo/13Dd/JgwqSNeH.m', 'Juan', 'Ponce', NULL, 'juan', 'Student', 'STUDENT', 0, NULL, NULL, '2025-11-27 04:07:37', '2025-11-27 04:07:37', 0, NULL),
('d209d4e8-2e57-4062-a06a-7c59f936d806', 'admin@benedictcollege.com', '$2b$12$loNseq6tVIQvX/oa5N1.runZiRUdRIQCP6F1yld/AzGCaXBx80Gky', 'SYSTEM', 'ADMIN', NULL, 'admin', 'Administrator', 'ADMIN', 1, '2026-02-08 06:04:37', 'https://aabyc4wbxsjuvs0t.public.blob.vercel-storage.com/avatars/user-d209d4e8-2e57-4062-a06a-7c59f936d806-1759547490147.jpg', '2025-10-03 16:16:36', '2026-02-08 14:04:36', 0, NULL),
('d46af3da-5da6-443c-b90a-1eabf49cd451', 'prof.santos@benedictcollege.edu.ph', '$2b$12$MvWpBna.sKZGId3dW/E.e.82ETtgcsNE2XWmevzgP2TxvyCo9M3k2', 'JUAN', 'SANTOS', NULL, 'prof.santos', 'Assistant Professor I', 'TEACHER', 1, NULL, NULL, '2025-10-03 16:29:13', '2025-10-03 16:29:13', 0, NULL),
('d74367c7-0ea8-4f6a-8a96-6cf5380b2d0b', 'sofia.mendoza@student.benedictcollege.edu.ph', '$2b$12$SfLQlKpYaqX06p18HsI3D.aovqb9b/HXoXmirOsMd/rK76fqkR2Ri', 'SOFIA', 'MENDOZA', NULL, 'sofia.mendoza', 'Student', 'STUDENT', 1, NULL, NULL, '2025-10-07 03:16:43', '2025-10-07 03:16:43', 0, NULL),
('e14ee436-bd40-41e2-b5ed-3e12a55a47d6', 'maria.santos@student.benedictcollege.edu.ph', '$2b$12$tkav7LjtAjv..t9zjx0wt.TkSr4sR1WJZS06PhWr/6c/8dTDcoJ1a', 'MARIA', 'SANTOS', NULL, 'maria.santos', 'Student', 'STUDENT', 1, NULL, NULL, '2025-10-07 03:16:43', '2025-10-07 03:16:43', 0, NULL),
('e6e8d9a4-a41d-4739-883e-03d110340504', 'test5@email.com', '$2b$12$JhnLrQ4D/rcjUwxSR7gZOemLNMY6BcZtPc/SL4Szoz4qEKbmt700W', 'Test5', 'test', NULL, 'test5', 'Student', 'STUDENT', 0, NULL, NULL, '2025-11-27 06:52:21', '2025-11-27 06:52:21', 0, NULL),
('eac8480d-fcd1-4ec3-9da4-4ff1f414fae8', 'nampong@coldegiodealicia.com', '$2b$10$/tm19HzMljPUPSBzOBycF.U.U1/d9thCBj9wg2f3K7zO0jdsnwYxS', 'NISHELL S.', 'AMPONG', NULL, 'nampong', 'Instructor I', 'TEACHER', 1, NULL, NULL, '2026-02-08 09:19:03', '2026-02-08 09:19:03', 0, NULL),
('f10a32b5-d7fc-4356-8ffc-f4caaa0aca52', 'smausisa@benedictcollege.com', '$2b$10$OiGbIf2G2qNfHYO7UlW7Xu/vbF1s9MTynM3ftJ4knOAVAOWxaHR22', 'SARAH B.', 'MAUSISA', NULL, 'smausisa', 'Instructor I', 'TEACHER', 1, NULL, NULL, '2026-02-08 10:05:48', '2026-02-08 10:05:48', 0, NULL),
('f31bf143-7cd1-4d10-9c09-699f710f55c3', 'lyamilo@benedictcollege.com', '$2b$10$4BHUo8RAmDgOVErJCOdpPetWaYDUenkOf3a5PtpozVpFU02qDZ9gG', 'LENY', 'YAMILO', NULL, 'lyamilo', 'Registrar I', 'REGISTRAR', 1, '2025-10-09 06:31:55', NULL, '2025-10-03 16:16:37', '2025-10-09 14:31:54', 0, NULL),
('f3e904c6-d288-44ab-bfbc-b1d9271f57ab', 'ret@test.com', '$2b$12$2jazX8XGckfAPS9Cduu1U.reDZkYZ20mvCTD6glZNP7JFy.oWbHDe', 'RET', 'Test', NULL, 'ret', 'Student', 'STUDENT', 0, NULL, NULL, '2025-11-27 06:34:11', '2025-11-27 06:34:11', 0, NULL);

-- Table: employees
TRUNCATE TABLE `employees`;
INSERT INTO `employees` (`id`, `employeeId`, `userId`, `department`, `position`, `hireDate`, `salary`, `phoneNumber`, `address`, `emergencyContact`, `emergencyPhone`, `status`, `createdAt`, `updatedAt`) VALUES
('15aacd20-774d-44a9-a756-c1db0ae1f5b9', 'EMP-2026-0013', '811eabe7-e03f-4064-b02a-f88765c9671f', 'Bachelor of Technical-Vocational Teacher Education', 'Instructor I', '2026-02-07 16:00:00', NULL, '', '', NULL, NULL, 'ACTIVE', '2026-02-08 10:08:16', '2026-02-08 10:08:16'),
('263ca5de-666d-4a8f-9c9d-314bc5e1ec91', 'EMP005', '129b59fb-bc5d-4ac2-a953-599dd18913b0', 'Liberal Arts', 'Assistant Professor II', '2020-11-19 16:00:00', '40000.00', '+63 912 345 6797', '654 Arts Boulevard, Dumaguete City', 'Rosa Flores', '+63 912 345 6798', 'ACTIVE', '2025-10-03 16:29:15', '2025-10-03 16:29:15'),
('564e501d-dd83-4e91-b12b-6d80001fd784', 'EMP001', '3aeb5198-582d-45ba-8c34-f7c7385b6b1d', 'Computer Studies', 'Associate Professor I', '2020-08-14 16:00:00', '45000.00', '+63 912 345 6789', '123 Faculty Street, Dumaguete City', 'Maria Santos', '+63 912 345 6790', 'ACTIVE', '2025-10-03 16:29:15', '2025-10-03 16:29:15'),
('5a64103b-5ace-4b66-b2da-e03fd1653329', 'EMP003', '6d7a86cb-c01e-4a68-99ec-3038ab2c838c', 'Education', 'Associate Professor II', '2019-03-09 16:00:00', '48000.00', '+63 912 345 6793', '789 Education Road, Dumaguete City', 'Ana Reyes', '+63 912 345 6794', 'ACTIVE', '2025-10-03 16:29:15', '2025-10-03 16:29:15'),
('5bc436b3-dcb5-4b3e-9fa5-9707a8929344', 'EMP-2026-0010', '6b38ae71-7b0f-4a1b-9d38-36e1e23a417a', 'Bachelor of Technical-Vocational Teacher Education', 'Instructor I', '2026-02-07 16:00:00', NULL, '', '', NULL, NULL, 'ACTIVE', '2026-02-08 09:23:31', '2026-02-08 09:23:31'),
('735d44ef-f6dd-4a9a-aca4-72bebf01f9bd', 'EMP-2026-0009', 'eac8480d-fcd1-4ec3-9da4-4ff1f414fae8', 'Bachelor of Technical-Vocational Teacher Education', 'Instructor I', '2026-02-07 16:00:00', NULL, '', '', NULL, NULL, 'ACTIVE', '2026-02-08 09:19:03', '2026-02-08 09:19:03'),
('7f5adb3c-1b9d-4563-94c7-a112f8391e72', 'TCH-2026-9382', 'bcc70e4d-a476-45c4-8433-4d218368a537', 'Bachelor of Technical-Vocational Teacher Education', 'Teacher', '2026-02-01 16:00:00', NULL, '0000000000', 'sgalorio@benedictcollege.com', 'N/A', '0000000000', 'INACTIVE', '2026-02-02 01:58:51', '2026-02-02 03:54:53'),
('7f5ef25c-a9dc-4d66-8978-ea43303976e1', 'TCH-2026-4431', 'b616f728-7172-4ec3-8df2-4f8cfd4ecf3b', 'Faculty', 'Teacher', '2026-02-01 16:00:00', NULL, '0000000000', 'sbetos@benedictcollege.com', 'N/A', '0000000000', 'ACTIVE', '2026-02-02 01:58:51', '2026-02-02 01:58:51'),
('866e8cd2-7850-47a5-be05-04671ed03fd9', 'TCH-2026-9325', '4598410c-a49f-4fc1-8920-58820e95dc5c', 'Faculty', 'Teacher', '2026-02-01 16:00:00', NULL, '0000000000', 'pgumolon@benedictcollege.com', 'N/A', '0000000000', 'ACTIVE', '2026-02-02 01:58:51', '2026-02-02 01:58:51'),
('a73b41a2-ac58-4db7-8e83-948c982f406a', 'EMP-2026-0012', 'f10a32b5-d7fc-4356-8ffc-f4caaa0aca52', 'Bachelor of Technical-Vocational Teacher Education', 'Instructor I', '2026-02-07 16:00:00', NULL, '', '', NULL, NULL, 'ACTIVE', '2026-02-08 10:05:48', '2026-02-08 10:05:48'),
('c9d6c178-cf65-40e2-a6d5-5904564ca51f', 'EMP002', 'd46af3da-5da6-443c-b90a-1eabf49cd451', 'Computer Studies', 'Assistant Professor I', '2021-05-31 16:00:00', '38000.00', '+63 912 345 6791', '456 Teacher Avenue, Dumaguete City', 'Juan Dela Cruz', '+63 912 345 6792', 'ACTIVE', '2025-10-03 16:29:15', '2025-10-03 16:29:15'),
('ccfdada3-6ca0-444d-acbd-14d8da5e037a', 'EMP004', 'ab4c8669-1447-4291-9d19-f3fa4dc1fe12', 'Business Administration', 'Instructor I', '2022-01-14 16:00:00', '32000.00', '+63 912 345 6795', '321 Business Street, Dumaguete City', 'Carlos Mendoza', '+63 912 345 6796', 'ACTIVE', '2025-10-03 16:29:15', '2025-10-03 16:29:15'),
('dfa074f7-17f3-4b41-955f-5e6850ad946e', 'EMP-2026-0011', '533f9f8f-c0b2-4011-b9c3-2b32ba33b42f', 'Bachelor of Technical-Vocational Teacher Education', 'Instructor I', '2026-02-07 16:00:00', NULL, '', '', NULL, NULL, 'ACTIVE', '2026-02-08 09:36:05', '2026-02-08 09:36:05'),
('ebf34642-fdd9-4b47-af98-07eba7c3d55a', 'EMP-550688776-291', '24c424c3-c3c4-4de7-a3a0-50b108b4d65d', 'Education', 'Instructor', '2026-02-07 16:00:00', NULL, NULL, NULL, NULL, NULL, 'ACTIVE', '2026-02-08 11:38:08', '2026-02-08 11:38:08');

-- Table: course_sections
TRUNCATE TABLE `course_sections`;
INSERT INTO `course_sections` (`id`, `courseId`, `yearLevel`, `sectionName`, `credits`, `maxStudents`, `semester`, `academicYear`, `isActive`, `createdAt`, `updatedAt`) VALUES
('5f9dd327-a21c-4cd6-8293-5fe5be35a0ed', '1ab2bfbf-c2b0-49dc-832b-e2873ba512bc', 'First Year', 'BLOCK 2', 3, 50, 'First Semester', '2026-2027', 1, '2026-02-08 09:11:23', '2026-02-08 09:11:23'),
('95d81f57-0c75-4a9e-aa33-1c4c3d2b12f2', '1ab2bfbf-c2b0-49dc-832b-e2873ba512bc', 'First Year', 'BLOCK 4', 3, 50, 'First Semester', '2026-2027', 1, '2026-02-08 09:11:49', '2026-02-08 09:11:49'),
('d517d3c4-82da-4999-ab7a-b773f58b5d2d', '1ab2bfbf-c2b0-49dc-832b-e2873ba512bc', 'First Year', 'BLOCK 1', 3, 50, 'First Semester', '2024-2025', 1, '2026-02-08 09:11:08', '2026-02-08 11:57:46'),
('f5165fb7-38e7-43a3-88f7-41e32a11f5db', '1ab2bfbf-c2b0-49dc-832b-e2873ba512bc', 'First Year', 'BLOCK 3', 3, 50, 'First Semester', '2026-2027', 1, '2026-02-08 09:11:36', '2026-02-08 09:11:36');

-- Table: schedules
TRUNCATE TABLE `schedules`;
INSERT INTO `schedules` (`id`, `subjectId`, `courseSectionId`, `teacherId`, `dayOfWeek`, `startTime`, `endTime`, `room`, `semester`, `academicYear`, `isActive`, `createdAt`, `updatedAt`, `startDate`, `endDate`) VALUES
('36420190-c4bb-4603-acc2-7498951f1120', '669e82ba-279a-4ea7-8a60-f30c64c20cb0', '95d81f57-0c75-4a9e-aa33-1c4c3d2b12f2', '735d44ef-f6dd-4a9a-aca4-72bebf01f9bd', 'WEDNESDAY,THURSDAY', '14:30:00', '16:00:00', 'ROOM 8', 'First Semester', '2026-2027', 1, '2026-02-08 11:37:37', '2026-02-08 12:52:09', '2026-06-07 16:00:00', '2026-10-25 16:00:00'),
('4259a90b-33a8-49a0-a78b-4f5c773636be', '75712913-c8b7-4517-8a9a-0fcd749157b3', '5f9dd327-a21c-4cd6-8293-5fe5be35a0ed', '866e8cd2-7850-47a5-be05-04671ed03fd9', 'WEDNESDAY,THURSDAY', '10:30:00', '12:00:00', 'ROOM 6', 'First Semester', '2026-2027', 1, '2026-02-08 11:15:41', '2026-02-08 12:52:09', '2026-06-07 16:00:00', '2026-10-25 16:00:00'),
('46234f47-3cfc-4cae-8916-ca94379558c7', '75712913-c8b7-4517-8a9a-0fcd749157b3', 'f5165fb7-38e7-43a3-88f7-41e32a11f5db', '735d44ef-f6dd-4a9a-aca4-72bebf01f9bd', 'MONDAY,TUESDAY', '10:30:00', '12:00:00', 'ROOM 7', 'First Semester', '2026-2027', 1, '2026-02-08 11:28:06', '2026-02-08 12:52:09', '2026-06-07 16:00:00', '2026-10-25 16:00:00'),
('4f8d55af-02d2-4202-aeef-266b49113f19', '881d2ff5-0b59-4714-a9dc-08ecd2875186', 'f5165fb7-38e7-43a3-88f7-41e32a11f5db', '5bc436b3-dcb5-4b3e-9fa5-9707a8929344', 'FRIDAY', '08:00:00', '11:00:00', 'ROOM 7', 'First Semester', '2026-2027', 1, '2026-02-08 11:28:06', '2026-02-08 12:52:09', '2026-06-07 16:00:00', '2026-10-25 16:00:00'),
('5efbb7b6-3eb8-4ded-872e-63fda03582b8', '5ffb01de-790f-4fb3-b112-b00d43839e48', '95d81f57-0c75-4a9e-aa33-1c4c3d2b12f2', '5bc436b3-dcb5-4b3e-9fa5-9707a8929344', 'WEDNESDAY,THURSDAY', '13:00:00', '14:30:00', 'ROOM 8', 'First Semester', '2026-2027', 1, '2026-02-08 11:37:37', '2026-02-08 12:52:09', '2026-06-07 16:00:00', '2026-10-25 16:00:00'),
('627d6c5c-4b9d-47ba-8bf6-feb34995034b', '3b890fc7-c44b-494d-9af4-694dcf1a03b9', 'f5165fb7-38e7-43a3-88f7-41e32a11f5db', 'dfa074f7-17f3-4b41-955f-5e6850ad946e', 'MONDAY,TUESDAY', '14:30:00', '16:00:00', 'ROOM 7', 'First Semester', '2026-2027', 1, '2026-02-08 11:28:06', '2026-02-08 12:52:09', '2026-06-07 16:00:00', '2026-10-25 16:00:00'),
('63db852b-c0fc-4ae2-a81c-0be3faba7979', 'ee0d2162-4a40-48a8-ba91-02c11ffd92a4', '5f9dd327-a21c-4cd6-8293-5fe5be35a0ed', 'a73b41a2-ac58-4db7-8e83-948c982f406a', 'MONDAY,TUESDAY', '13:00:00', '14:30:00', 'ROOM 6', 'First Semester', '2026-2027', 1, '2026-02-08 11:15:41', '2026-02-08 12:52:09', '2026-06-07 16:00:00', '2026-10-25 16:00:00'),
('67414c3e-d13e-49b0-91c1-d5c2a8cca182', '881d2ff5-0b59-4714-a9dc-08ecd2875186', '95d81f57-0c75-4a9e-aa33-1c4c3d2b12f2', '5bc436b3-dcb5-4b3e-9fa5-9707a8929344', 'FRIDAY', '08:00:00', '11:00:00', 'ROOM 8', 'First Semester', '2026-2027', 1, '2026-02-08 11:38:08', '2026-02-08 12:52:09', '2026-06-07 16:00:00', '2026-10-25 16:00:00'),
('67f1cdf5-aefa-4577-9192-91bf19ee81ca', '3b890fc7-c44b-494d-9af4-694dcf1a03b9', '95d81f57-0c75-4a9e-aa33-1c4c3d2b12f2', 'ebf34642-fdd9-4b47-af98-07eba7c3d55a', 'MONDAY,TUESDAY', '10:30:00', '12:00:00', 'ROOM 8', 'First Semester', '2026-2027', 1, '2026-02-08 11:38:08', '2026-02-08 12:52:09', '2026-06-07 16:00:00', '2026-10-25 16:00:00'),
('79ed01b8-c705-41a1-891b-c6c35f4a5b92', '45e7b075-9312-40f3-b10f-f25467338424', '95d81f57-0c75-4a9e-aa33-1c4c3d2b12f2', '735d44ef-f6dd-4a9a-aca4-72bebf01f9bd', 'MONDAY,TUESDAY', '13:00:00', '14:30:00', 'ROOM 8', 'First Semester', '2026-2027', 1, '2026-02-08 11:37:37', '2026-02-08 12:52:09', '2026-06-07 16:00:00', '2026-10-25 16:00:00'),
('7b4110f5-d23b-4bfe-a253-8dced1392ac8', 'ee0d2162-4a40-48a8-ba91-02c11ffd92a4', 'f5165fb7-38e7-43a3-88f7-41e32a11f5db', 'a73b41a2-ac58-4db7-8e83-948c982f406a', 'MONDAY,TUESDAY', '07:30:00', '09:00:00', 'ROOM 7', 'First Semester', '2026-2027', 1, '2026-02-08 11:28:06', '2026-02-08 12:52:09', '2026-06-07 16:00:00', '2026-10-25 16:00:00'),
('7d2f683f-8a96-4914-8afe-b227a0913ed4', '7b23f708-929b-41fa-9736-57acdf789ae6', '5f9dd327-a21c-4cd6-8293-5fe5be35a0ed', '15aacd20-774d-44a9-a756-c1db0ae1f5b9', 'WEDNESDAY,THURSDAY', '14:30:00', '16:00:00', 'ROOM 6', 'First Semester', '2026-2027', 1, '2026-02-08 11:15:41', '2026-02-08 12:52:09', '2026-06-07 16:00:00', '2026-10-25 16:00:00'),
('89214813-c4b4-4162-a0cc-67ede9f81c4c', 'ee0d2162-4a40-48a8-ba91-02c11ffd92a4', '95d81f57-0c75-4a9e-aa33-1c4c3d2b12f2', 'a73b41a2-ac58-4db7-8e83-948c982f406a', 'MONDAY,TUESDAY', '14:30:00', '16:00:00', 'ROOM 8', 'First Semester', '2026-2027', 1, '2026-02-08 11:38:08', '2026-02-08 12:52:09', '2026-06-07 16:00:00', '2026-10-25 16:00:00'),
('8ee995b0-3ef9-4319-8e20-cf31cff374cc', '5ffb01de-790f-4fb3-b112-b00d43839e48', '5f9dd327-a21c-4cd6-8293-5fe5be35a0ed', '5bc436b3-dcb5-4b3e-9fa5-9707a8929344', 'WEDNESDAY,THURSDAY', '07:30:00', '09:00:00', 'ROOM 6', 'First Semester', '2026-2027', 1, '2026-02-08 11:15:41', '2026-02-08 12:52:09', '2026-06-07 16:00:00', '2026-10-25 16:00:00'),
('95698cdc-04d6-4c71-b4f4-3bba19ae55d5', '7b23f708-929b-41fa-9736-57acdf789ae6', '95d81f57-0c75-4a9e-aa33-1c4c3d2b12f2', '15aacd20-774d-44a9-a756-c1db0ae1f5b9', 'WEDNESDAY,THURSDAY', '09:00:00', '10:30:00', 'ROOM 8', 'First Semester', '2026-2027', 1, '2026-02-08 11:38:08', '2026-02-08 12:52:09', '2026-06-07 16:00:00', '2026-10-25 16:00:00'),
('9ff81b51-615f-4411-a23c-98e8fbae7819', 'e853d123-80dd-4ae2-bc37-75fa18c376cd', 'd517d3c4-82da-4999-ab7a-b773f58b5d2d', '735d44ef-f6dd-4a9a-aca4-72bebf01f9bd', 'WEDNESDAY,THURSDAY', '07:30:00', '09:00:00', 'ROOM 5', 'First Semester', '2026-2027', 1, '2026-02-08 09:22:11', '2026-02-08 14:16:37', '2026-06-07 16:00:00', '2026-10-25 16:00:00'),
('a29b82f3-6eba-49fe-93ea-13f1874201b9', '7b23f708-929b-41fa-9736-57acdf789ae6', 'f5165fb7-38e7-43a3-88f7-41e32a11f5db', '15aacd20-774d-44a9-a756-c1db0ae1f5b9', 'WEDNESDAY,THURSDAY', '07:30:00', '09:00:00', 'ROOM 7', 'First Semester', '2026-2027', 1, '2026-02-08 11:28:06', '2026-02-08 12:52:09', '2026-06-07 16:00:00', '2026-10-25 16:00:00'),
('a4909e34-51af-463c-8eb1-21c83d39e899', '881d2ff5-0b59-4714-a9dc-08ecd2875186', 'd517d3c4-82da-4999-ab7a-b773f58b5d2d', '5bc436b3-dcb5-4b3e-9fa5-9707a8929344', 'FRIDAY', '08:00:00', '11:00:00', 'ROOM 5', 'First Semester', '2026-2027', 1, '2026-02-08 10:24:50', '2026-02-08 14:16:37', '2026-06-07 16:00:00', '2026-10-25 16:00:00'),
('ab419366-541c-42b8-967d-4c8c027ec158', '45e7b075-9312-40f3-b10f-f25467338424', 'd517d3c4-82da-4999-ab7a-b773f58b5d2d', '735d44ef-f6dd-4a9a-aca4-72bebf01f9bd', 'MONDAY,TUESDAY', '14:30:00', '16:00:00', 'ROOM 5', 'First Semester', '2026-2027', 1, '2026-02-08 09:20:27', '2026-02-08 14:16:37', '2026-06-07 16:00:00', '2026-10-25 16:00:00'),
('b1124f5b-8d70-4d65-92e9-8533fa600e42', '45e7b075-9312-40f3-b10f-f25467338424', '5f9dd327-a21c-4cd6-8293-5fe5be35a0ed', '7f5adb3c-1b9d-4563-94c7-a112f8391e72', 'WEDNESDAY,THURSDAY', '13:00:00', '14:30:00', 'ROOM 6', 'First Semester', '2026-2027', 1, '2026-02-08 11:15:41', '2026-02-08 12:52:09', '2026-06-07 16:00:00', '2026-10-25 16:00:00'),
('b50558ee-c1e7-42af-b573-2a9da583059d', '95c079ab-52a5-428e-aa70-2329cc737d7f', 'd517d3c4-82da-4999-ab7a-b773f58b5d2d', '866e8cd2-7850-47a5-be05-04671ed03fd9', 'MONDAY,TUESDAY', '09:01:00', '10:29:00', 'ROOM 5', 'First Semester', '2026-2027', 1, '2026-02-08 10:12:44', '2026-02-08 14:16:37', '2026-06-07 16:00:00', '2026-10-25 16:00:00'),
('b9552f0f-d046-4c50-8752-52fe0c4025fd', '5da8d446-a26a-450f-971f-5cb37e3a21de', '95d81f57-0c75-4a9e-aa33-1c4c3d2b12f2', '15aacd20-774d-44a9-a756-c1db0ae1f5b9', 'MONDAY,TUESDAY', '16:00:00', '17:00:00', 'ROOM 8', 'First Semester', '2026-2027', 1, '2026-02-08 11:38:08', '2026-02-08 12:52:09', '2026-06-07 16:00:00', '2026-10-25 16:00:00'),
('c2a30748-d5ca-4f73-a881-8e31f4223f12', '5ffb01de-790f-4fb3-b112-b00d43839e48', 'f5165fb7-38e7-43a3-88f7-41e32a11f5db', '5bc436b3-dcb5-4b3e-9fa5-9707a8929344', 'WEDNESDAY,THURSDAY', '10:30:00', '12:00:00', 'ROOM 7', 'First Semester', '2026-2027', 1, '2026-02-08 11:28:06', '2026-02-08 12:52:09', '2026-06-07 16:00:00', '2026-10-25 16:00:00'),
('c5b781e3-35fb-4418-bb2a-3ea0ebca47f5', '9112fe5a-58fe-4087-893a-ca77d8396b3b', 'd517d3c4-82da-4999-ab7a-b773f58b5d2d', '5bc436b3-dcb5-4b3e-9fa5-9707a8929344', 'WEDNESDAY,THURSDAY', '09:01:00', '10:31:00', 'ROOM 5', 'First Semester', '2026-2027', 1, '2026-02-08 09:25:23', '2026-02-08 14:16:37', '2026-06-07 16:00:00', '2026-10-25 16:00:00'),
('c648d15a-a4f6-4148-95c4-22143bd208c1', '75712913-c8b7-4517-8a9a-0fcd749157b3', '95d81f57-0c75-4a9e-aa33-1c4c3d2b12f2', '735d44ef-f6dd-4a9a-aca4-72bebf01f9bd', 'MONDAY,TUESDAY', '09:00:00', '10:30:00', 'ROOM 8', 'First Semester', '2026-2027', 1, '2026-02-08 11:38:08', '2026-02-08 12:52:09', '2026-06-07 16:00:00', '2026-10-25 16:00:00'),
('c91cdfe7-9616-4007-b36b-8f268cd33250', '3b890fc7-c44b-494d-9af4-694dcf1a03b9', '5f9dd327-a21c-4cd6-8293-5fe5be35a0ed', 'dfa074f7-17f3-4b41-955f-5e6850ad946e', 'MONDAY,TUESDAY', '09:00:00', '10:30:00', 'ROOM 6', 'First Semester', '2026-2027', 1, '2026-02-08 11:15:41', '2026-02-08 12:52:09', '2026-06-07 16:00:00', '2026-10-25 16:00:00'),
('cef214d4-b74a-4aa5-b636-3f771bd5ef39', 'c92624dc-97c0-45e1-859d-4524be0d0924', 'd517d3c4-82da-4999-ab7a-b773f58b5d2d', 'dfa074f7-17f3-4b41-955f-5e6850ad946e', 'MONDAY,TUESDAY', '07:30:00', '09:00:00', 'ROOM 5', 'First Semester', '2026-2027', 1, '2026-02-08 10:04:34', '2026-02-08 14:16:37', '2026-06-07 16:00:00', '2026-10-25 16:00:00'),
('d15136b1-196e-4ad0-91e7-26ced0faba94', 'a9d0dabd-37ea-4cfd-90fb-82a61f4f9132', 'd517d3c4-82da-4999-ab7a-b773f58b5d2d', '15aacd20-774d-44a9-a756-c1db0ae1f5b9', 'WEDNESDAY,THURSDAY', '13:00:00', '14:30:00', 'ROOM 5', 'First Semester', '2026-2027', 1, '2026-02-08 10:09:23', '2026-02-08 14:16:37', '2026-06-07 16:00:00', '2026-10-25 16:00:00'),
('dd7400bf-720b-4766-995f-6fa6f81e9bbf', 'a69096d2-5a0f-4d71-95a9-7479a145cd61', 'd517d3c4-82da-4999-ab7a-b773f58b5d2d', 'a73b41a2-ac58-4db7-8e83-948c982f406a', 'MONDAY,TUESDAY', '10:30:00', '12:00:00', 'ROOM 5', 'First Semester', '2026-2027', 1, '2026-02-08 10:07:22', '2026-02-08 14:16:37', '2026-06-07 16:00:00', '2026-10-25 16:00:00'),
('de03cb51-1d72-4f6f-97dd-aa7265f9441c', '669e82ba-279a-4ea7-8a60-f30c64c20cb0', '5f9dd327-a21c-4cd6-8293-5fe5be35a0ed', '735d44ef-f6dd-4a9a-aca4-72bebf01f9bd', 'WEDNESDAY,THURSDAY', '09:00:00', '10:30:00', 'ROOM 6', 'First Semester', '2026-2027', 1, '2026-02-08 11:15:41', '2026-02-08 12:52:09', '2026-06-07 16:00:00', '2026-10-25 16:00:00'),
('df581673-8282-48c3-84ab-bcb44a9ebc76', '5da8d446-a26a-450f-971f-5cb37e3a21de', 'f5165fb7-38e7-43a3-88f7-41e32a11f5db', '15aacd20-774d-44a9-a756-c1db0ae1f5b9', 'MONDAY,TUESDAY', '09:00:00', '10:00:00', 'ROOM 7', 'First Semester', '2026-2027', 1, '2026-02-08 11:28:06', '2026-02-08 12:52:09', '2026-06-07 16:00:00', '2026-10-25 16:00:00'),
('e7721696-491e-4631-9eab-757a2c4f0d1d', '5da8d446-a26a-450f-971f-5cb37e3a21de', '5f9dd327-a21c-4cd6-8293-5fe5be35a0ed', '15aacd20-774d-44a9-a756-c1db0ae1f5b9', 'MONDAY,TUESDAY', '14:30:00', '15:30:00', 'ROOM 6', 'First Semester', '2026-2027', 1, '2026-02-08 11:15:41', '2026-02-08 12:52:09', '2026-06-07 16:00:00', '2026-10-25 16:00:00'),
('eb0778d6-cfe0-4ec5-b4e2-ba9799da0292', '669e82ba-279a-4ea7-8a60-f30c64c20cb0', 'f5165fb7-38e7-43a3-88f7-41e32a11f5db', '735d44ef-f6dd-4a9a-aca4-72bebf01f9bd', 'WEDNESDAY,THURSDAY', '13:00:00', '14:30:00', 'ROOM 7', 'First Semester', '2026-2027', 1, '2026-02-08 11:28:06', '2026-02-08 12:52:09', '2026-06-07 16:00:00', '2026-10-25 16:00:00'),
('ee02251e-7684-411f-a509-b1813621463b', '5da8d446-a26a-450f-971f-5cb37e3a21de', 'd517d3c4-82da-4999-ab7a-b773f58b5d2d', '15aacd20-774d-44a9-a756-c1db0ae1f5b9', 'MONDAY,TUESDAY', '13:00:00', '14:00:00', 'ROOM 5', 'First Semester', '2026-2027', 1, '2026-02-08 10:28:16', '2026-02-08 14:16:37', '2026-06-07 16:00:00', '2026-10-25 16:00:00'),
('efe6e4b3-822f-43da-ba5f-1611b5833e9f', '45e7b075-9312-40f3-b10f-f25467338424', 'f5165fb7-38e7-43a3-88f7-41e32a11f5db', '7f5adb3c-1b9d-4563-94c7-a112f8391e72', 'WEDNESDAY,THURSDAY', '09:00:00', '10:30:00', 'ROOM 7', 'First Semester', '2026-2027', 1, '2026-02-08 11:28:06', '2026-02-08 12:52:09', '2026-06-07 16:00:00', '2026-10-25 16:00:00'),
('fb46a237-7382-40ca-a55c-b20939a96693', '881d2ff5-0b59-4714-a9dc-08ecd2875186', '5f9dd327-a21c-4cd6-8293-5fe5be35a0ed', '5bc436b3-dcb5-4b3e-9fa5-9707a8929344', 'FRIDAY', '08:00:00', '11:00:00', 'ROOM 6', 'First Semester', '2026-2027', 1, '2026-02-08 11:15:41', '2026-02-08 12:52:09', '2026-06-07 16:00:00', '2026-10-25 16:00:00');

SET FOREIGN_KEY_CHECKS = 1;
